sweep,config,dim_target,bottleneck_dim,num_layers,encoder_hidden_dim,encoder_output_dim,embedding_dim,lora_rank,params,n_seeds,test_exact_match_mean,test_exact_match_values
main_grid,bd128_nl2 (original),6,128,2,64,64,16,,337878,3,0.9857,"0.9857,0.9857,0.9857"
sizing,bd64_nl1,6,64,1,32,64,16,,172150,1,0.9714,0.9714
sizing,bd64_nl2,6,64,2,32,64,16,,185942,1,0.9857,0.9857
sizing,bd32_nl1,6,32,1,32,64,16,,96182,1,0.9857,0.9857
sizing,bd32_nl2,6,32,2,32,64,16,,109974,1,0.9857,0.9857
sizing,bd16_nl1,6,16,1,32,64,16,,58198,1,0.9857,0.9857
sizing,bd16_nl2,6,16,2,32,64,16,,71990,1,0.9857,0.9857
sizing,bd8_nl1,6,8,1,32,64,16,,39206,1,0.9857,0.9857
sizing,bd8_nl2,6,8,2,32,64,16,,52998,1,1.0,1.0
sizing,hd8_od32 (on bd16_nl1),6,16,1,8,32,16,,39320,1,0.9857,0.9857
sizing,bd16_nl1_dim4,4,16,1,32,64,16,,37808,1,0.9714,0.9714
sizing,matched_dim4 (dense),4,8,1,4,4,4,,10156,3,0.9571,"0.9571,0.9286,0.9857"
lora,lora_matched_dim4_r2,4,8,1,4,4,4,2,8524,5,0.9057,"0.9,0.9286,0.9286,0.9,0.8714"
lora,lora_matched_dim4_r1,4,8,1,4,4,4,1,6812,5,0.8629,"0.8571,0.8857,0.8286,0.8,0.9429"
