condition,dim,params_hypernetwork,run_id,test_exact_match,linear_probe_accuracy
frozen_td,6,337878,l6x9h7wp,0.9857142567634583,1.0
frozen_td,6,337878,,0.9857142567634583,1.0
frozen_td,6,337878,,0.9857142567634583,1.0
notd,6,336726,rkbcvjfs,0.7285714149475098,0.8142857142857143
notd,6,336726,,0.6857142925262451,0.8714285714285714
notd,6,336726,,0.6142857074737549,0.8285714285714286
frozen_td,4,201396,5zgkyy6k,0.9428571462631226,1.0
frozen_td,4,201396,,0.9571428298950195,1.0
frozen_td,4,201396,,0.9714285731315613,1.0
notd,4,200244,tray7ayx,0.7142857313156128,0.8142857142857143
notd,4,200244,,0.7428571581840515,0.7857142857142857
notd,4,200244,,0.6714285612106323,0.8142857142857143
