condition,task,n,own_mean,own_std,loo_mean,loo_std
notd,1d_denoising_1c,100,1.0000,0.0000,1.0000,0.0000
notd,1d_denoising_mc,100,1.0000,0.0000,1.0000,0.0000
notd,1d_fill,100,1.0000,0.0000,1.0000,0.0000
notd,1d_flip,100,0.9900,0.1000,0.9988,0.0072
notd,1d_hollow,100,1.0000,0.0000,1.0000,0.0000
notd,1d_mirror,100,1.0000,0.0000,0.9992,0.0057
notd,1d_move_1p,100,0.2100,0.4094,0.1353,0.2538
notd,1d_move_2p,100,0.0200,0.1407,0.0146,0.0816
notd,1d_move_2p_dp,100,1.0000,0.0000,0.9738,0.0278
notd,1d_move_3p,100,0.0000,0.0000,0.0024,0.0171
notd,1d_move_dp,100,0.4800,0.5021,0.2318,0.1342
notd,1d_pcopy_1c,100,1.0000,0.0000,1.0000,0.0000
notd,1d_pcopy_mc,100,1.0000,0.0000,1.0000,0.0000
notd,1d_scale_dp,100,0.9100,0.2876,0.8577,0.0974
td,1d_denoising_1c,100,1.0000,0.0000,1.0000,0.0000
td,1d_denoising_mc,100,1.0000,0.0000,1.0000,0.0000
td,1d_fill,100,1.0000,0.0000,0.9999,0.0010
td,1d_flip,100,1.0000,0.0000,1.0000,0.0000
td,1d_hollow,100,1.0000,0.0000,1.0000,0.0000
td,1d_mirror,100,1.0000,0.0000,0.9984,0.0085
td,1d_move_1p,100,1.0000,0.0000,1.0000,0.0000
td,1d_move_2p,100,1.0000,0.0000,1.0000,0.0000
td,1d_move_2p_dp,100,1.0000,0.0000,0.8055,0.1396
td,1d_move_3p,100,1.0000,0.0000,1.0000,0.0000
td,1d_move_dp,100,0.8200,0.3861,0.5461,0.1160
td,1d_pcopy_1c,100,1.0000,0.0000,1.0000,0.0000
td,1d_pcopy_mc,100,1.0000,0.0000,1.0000,0.0000
td,1d_scale_dp,100,1.0000,0.0000,0.8887,0.0386
