condition,task,seed,val_exact_match
individual,1d_denoising_1c,1,1.0
individual,1d_denoising_1c,2,1.0
individual,1d_denoising_1c,3,1.0
individual,1d_denoising_1c,4,1.0
individual,1d_denoising_1c,5,1.0
individual,1d_denoising_mc,1,1.0
individual,1d_denoising_mc,2,1.0
individual,1d_denoising_mc,3,1.0
individual,1d_denoising_mc,4,1.0
individual,1d_denoising_mc,5,1.0
individual,1d_fill,1,1.0
individual,1d_fill,2,1.0
individual,1d_fill,3,0.800000011920929
individual,1d_fill,4,1.0
individual,1d_fill,5,1.0
individual,1d_flip,1,1.0
individual,1d_flip,2,0.800000011920929
individual,1d_flip,3,1.0
individual,1d_flip,4,1.0
individual,1d_flip,5,1.0
individual,1d_hollow,1,1.0
individual,1d_hollow,2,1.0
individual,1d_hollow,3,1.0
individual,1d_hollow,4,1.0
individual,1d_hollow,5,1.0
individual,1d_mirror,1,0.6000000238418579
individual,1d_mirror,2,1.0
individual,1d_mirror,3,1.0
individual,1d_mirror,4,0.4000000059604645
individual,1d_mirror,5,0.6000000238418579
individual,1d_move_1p,1,1.0
individual,1d_move_1p,2,1.0
individual,1d_move_1p,3,1.0
individual,1d_move_1p,4,1.0
individual,1d_move_1p,5,1.0
individual,1d_move_2p,1,1.0
individual,1d_move_2p,2,1.0
individual,1d_move_2p,3,1.0
individual,1d_move_2p,4,1.0
individual,1d_move_2p,5,1.0
individual,1d_move_2p_dp,1,1.0
individual,1d_move_2p_dp,2,1.0
individual,1d_move_2p_dp,3,1.0
individual,1d_move_2p_dp,4,1.0
individual,1d_move_2p_dp,5,1.0
individual,1d_move_3p,1,1.0
individual,1d_move_3p,2,1.0
individual,1d_move_3p,3,1.0
individual,1d_move_3p,4,1.0
individual,1d_move_3p,5,1.0
individual,1d_move_dp,1,0.800000011920929
individual,1d_move_dp,2,0.4000000059604645
individual,1d_move_dp,3,0.800000011920929
individual,1d_move_dp,4,0.6000000238418579
individual,1d_move_dp,5,0.4000000059604645
individual,1d_pcopy_1c,1,1.0
individual,1d_pcopy_1c,2,1.0
individual,1d_pcopy_1c,3,1.0
individual,1d_pcopy_1c,4,1.0
individual,1d_pcopy_1c,5,1.0
individual,1d_pcopy_mc,1,1.0
individual,1d_pcopy_mc,2,1.0
individual,1d_pcopy_mc,3,1.0
individual,1d_pcopy_mc,4,1.0
individual,1d_pcopy_mc,5,1.0
individual,1d_scale_dp,1,1.0
individual,1d_scale_dp,2,1.0
individual,1d_scale_dp,3,1.0
individual,1d_scale_dp,4,1.0
individual,1d_scale_dp,5,1.0
joint_notd,1d_denoising_1c,1,0.20000000298023224
joint_notd,1d_denoising_1c,2,0.4000000059604645
joint_notd,1d_denoising_1c,3,0.6000000238418579
joint_notd,1d_denoising_1c,4,0.800000011920929
joint_notd,1d_denoising_1c,5,0.20000000298023224
joint_notd,1d_denoising_mc,1,0.0
joint_notd,1d_denoising_mc,2,0.0
joint_notd,1d_denoising_mc,3,0.20000000298023224
joint_notd,1d_denoising_mc,4,0.800000011920929
joint_notd,1d_denoising_mc,5,0.4000000059604645
joint_notd,1d_fill,1,0.0
joint_notd,1d_fill,2,0.0
joint_notd,1d_fill,3,0.0
joint_notd,1d_fill,4,0.0
joint_notd,1d_fill,5,0.0
joint_notd,1d_flip,1,0.0
joint_notd,1d_flip,2,0.0
joint_notd,1d_flip,3,0.0
joint_notd,1d_flip,4,0.0
joint_notd,1d_flip,5,0.0
joint_notd,1d_hollow,1,0.0
joint_notd,1d_hollow,2,0.0
joint_notd,1d_hollow,3,0.0
joint_notd,1d_hollow,4,0.0
joint_notd,1d_hollow,5,0.0
joint_notd,1d_mirror,1,0.0
joint_notd,1d_mirror,2,0.0
joint_notd,1d_mirror,3,0.0
joint_notd,1d_mirror,4,0.0
joint_notd,1d_mirror,5,0.0
joint_notd,1d_move_1p,1,0.0
joint_notd,1d_move_1p,2,0.0
joint_notd,1d_move_1p,3,0.0
joint_notd,1d_move_1p,4,0.0
joint_notd,1d_move_1p,5,0.4000000059604645
joint_notd,1d_move_2p,1,0.0
joint_notd,1d_move_2p,2,0.0
joint_notd,1d_move_2p,3,0.20000000298023224
joint_notd,1d_move_2p,4,0.0
joint_notd,1d_move_2p,5,0.0
joint_notd,1d_move_2p_dp,1,0.0
joint_notd,1d_move_2p_dp,2,0.20000000298023224
joint_notd,1d_move_2p_dp,3,0.20000000298023224
joint_notd,1d_move_2p_dp,4,0.20000000298023224
joint_notd,1d_move_2p_dp,5,0.0
joint_notd,1d_move_3p,1,0.0
joint_notd,1d_move_3p,2,0.0
joint_notd,1d_move_3p,3,0.0
joint_notd,1d_move_3p,4,0.0
joint_notd,1d_move_3p,5,0.0
joint_notd,1d_move_dp,1,0.0
joint_notd,1d_move_dp,2,0.0
joint_notd,1d_move_dp,3,0.0
joint_notd,1d_move_dp,4,0.0
joint_notd,1d_move_dp,5,0.0
joint_notd,1d_pcopy_1c,1,0.4000000059604645
joint_notd,1d_pcopy_1c,2,0.4000000059604645
joint_notd,1d_pcopy_1c,3,1.0
joint_notd,1d_pcopy_1c,4,1.0
joint_notd,1d_pcopy_1c,5,1.0
joint_notd,1d_pcopy_mc,1,0.20000000298023224
joint_notd,1d_pcopy_mc,2,0.0
joint_notd,1d_pcopy_mc,3,0.0
joint_notd,1d_pcopy_mc,4,0.20000000298023224
joint_notd,1d_pcopy_mc,5,0.0
joint_notd,1d_scale_dp,1,0.0
joint_notd,1d_scale_dp,2,0.0
joint_notd,1d_scale_dp,3,0.0
joint_notd,1d_scale_dp,4,0.0
joint_notd,1d_scale_dp,5,0.0
joint_td,1d_denoising_1c,1,0.800000011920929
joint_td,1d_denoising_1c,2,0.4000000059604645
joint_td,1d_denoising_1c,3,1.0
joint_td,1d_denoising_1c,4,0.6000000238418579
joint_td,1d_denoising_1c,5,0.20000000298023224
joint_td,1d_denoising_mc,1,0.6000000238418579
joint_td,1d_denoising_mc,2,0.20000000298023224
joint_td,1d_denoising_mc,3,0.4000000059604645
joint_td,1d_denoising_mc,4,0.4000000059604645
joint_td,1d_denoising_mc,5,0.0
joint_td,1d_fill,1,0.0
joint_td,1d_fill,2,0.4000000059604645
joint_td,1d_fill,3,0.800000011920929
joint_td,1d_fill,4,0.0
joint_td,1d_fill,5,0.0
joint_td,1d_flip,1,0.0
joint_td,1d_flip,2,0.0
joint_td,1d_flip,3,0.20000000298023224
joint_td,1d_flip,4,0.0
joint_td,1d_flip,5,0.0
joint_td,1d_hollow,1,0.0
joint_td,1d_hollow,2,0.0
joint_td,1d_hollow,3,0.4000000059604645
joint_td,1d_hollow,4,0.0
joint_td,1d_hollow,5,0.0
joint_td,1d_mirror,1,0.0
joint_td,1d_mirror,2,0.0
joint_td,1d_mirror,3,0.4000000059604645
joint_td,1d_mirror,4,0.0
joint_td,1d_mirror,5,0.0
joint_td,1d_move_1p,1,0.4000000059604645
joint_td,1d_move_1p,2,0.6000000238418579
joint_td,1d_move_1p,3,0.800000011920929
joint_td,1d_move_1p,4,0.4000000059604645
joint_td,1d_move_1p,5,0.0
joint_td,1d_move_2p,1,0.20000000298023224
joint_td,1d_move_2p,2,0.4000000059604645
joint_td,1d_move_2p,3,0.6000000238418579
joint_td,1d_move_2p,4,0.0
joint_td,1d_move_2p,5,0.4000000059604645
joint_td,1d_move_2p_dp,1,0.0
joint_td,1d_move_2p_dp,2,0.0
joint_td,1d_move_2p_dp,3,0.6000000238418579
joint_td,1d_move_2p_dp,4,0.0
joint_td,1d_move_2p_dp,5,0.0
joint_td,1d_move_3p,1,0.4000000059604645
joint_td,1d_move_3p,2,0.20000000298023224
joint_td,1d_move_3p,3,0.20000000298023224
joint_td,1d_move_3p,4,0.0
joint_td,1d_move_3p,5,0.4000000059604645
joint_td,1d_move_dp,1,0.0
joint_td,1d_move_dp,2,0.0
joint_td,1d_move_dp,3,0.20000000298023224
joint_td,1d_move_dp,4,0.0
joint_td,1d_move_dp,5,0.0
joint_td,1d_pcopy_1c,1,0.4000000059604645
joint_td,1d_pcopy_1c,2,0.0
joint_td,1d_pcopy_1c,3,0.6000000238418579
joint_td,1d_pcopy_1c,4,0.6000000238418579
joint_td,1d_pcopy_1c,5,0.4000000059604645
joint_td,1d_pcopy_mc,1,0.0
joint_td,1d_pcopy_mc,2,0.0
joint_td,1d_pcopy_mc,3,0.20000000298023224
joint_td,1d_pcopy_mc,4,0.0
joint_td,1d_pcopy_mc,5,0.0
joint_td,1d_scale_dp,1,0.0
joint_td,1d_scale_dp,2,0.0
joint_td,1d_scale_dp,3,0.0
joint_td,1d_scale_dp,4,0.0
joint_td,1d_scale_dp,5,0.0
hyper_td,1d_denoising_1c,1,1.0
hyper_td,1d_denoising_1c,2,1.0
hyper_td,1d_denoising_1c,3,1.0
hyper_td,1d_denoising_mc,1,1.0
hyper_td,1d_denoising_mc,2,1.0
hyper_td,1d_denoising_mc,3,1.0
hyper_td,1d_fill,1,1.0
hyper_td,1d_fill,2,1.0
hyper_td,1d_fill,3,1.0
hyper_td,1d_flip,1,1.0
hyper_td,1d_flip,2,1.0
hyper_td,1d_flip,3,1.0
hyper_td,1d_hollow,1,1.0
hyper_td,1d_hollow,2,1.0
hyper_td,1d_hollow,3,1.0
hyper_td,1d_mirror,1,1.0
hyper_td,1d_mirror,2,0.8
hyper_td,1d_mirror,3,1.0
hyper_td,1d_move_1p,1,1.0
hyper_td,1d_move_1p,2,1.0
hyper_td,1d_move_1p,3,1.0
hyper_td,1d_move_2p,1,1.0
hyper_td,1d_move_2p,2,1.0
hyper_td,1d_move_2p,3,1.0
hyper_td,1d_move_2p_dp,1,1.0
hyper_td,1d_move_2p_dp,2,1.0
hyper_td,1d_move_2p_dp,3,1.0
hyper_td,1d_move_3p,1,1.0
hyper_td,1d_move_3p,2,1.0
hyper_td,1d_move_3p,3,1.0
hyper_td,1d_move_dp,1,0.2
hyper_td,1d_move_dp,2,0.8
hyper_td,1d_move_dp,3,0.4
hyper_td,1d_pcopy_1c,1,1.0
hyper_td,1d_pcopy_1c,2,1.0
hyper_td,1d_pcopy_1c,3,1.0
hyper_td,1d_pcopy_mc,1,1.0
hyper_td,1d_pcopy_mc,2,1.0
hyper_td,1d_pcopy_mc,3,1.0
hyper_td,1d_scale_dp,1,1.0
hyper_td,1d_scale_dp,2,1.0
hyper_td,1d_scale_dp,3,1.0
hyper_notd,1d_denoising_1c,1,1.0
hyper_notd,1d_denoising_1c,2,1.0
hyper_notd,1d_denoising_1c,3,1.0
hyper_notd,1d_denoising_mc,1,1.0
hyper_notd,1d_denoising_mc,2,1.0
hyper_notd,1d_denoising_mc,3,1.0
hyper_notd,1d_fill,1,1.0
hyper_notd,1d_fill,2,1.0
hyper_notd,1d_fill,3,1.0
hyper_notd,1d_flip,1,1.0
hyper_notd,1d_flip,2,1.0
hyper_notd,1d_flip,3,0.2
hyper_notd,1d_hollow,1,1.0
hyper_notd,1d_hollow,2,1.0
hyper_notd,1d_hollow,3,1.0
hyper_notd,1d_mirror,1,0.8
hyper_notd,1d_mirror,2,0.8
hyper_notd,1d_mirror,3,0.4
hyper_notd,1d_move_1p,1,0.2
hyper_notd,1d_move_1p,2,0.0
hyper_notd,1d_move_1p,3,0.2
hyper_notd,1d_move_2p,1,0.2
hyper_notd,1d_move_2p,2,0.0
hyper_notd,1d_move_2p,3,0.2
hyper_notd,1d_move_2p_dp,1,1.0
hyper_notd,1d_move_2p_dp,2,1.0
hyper_notd,1d_move_2p_dp,3,1.0
hyper_notd,1d_move_3p,1,0.0
hyper_notd,1d_move_3p,2,0.0
hyper_notd,1d_move_3p,3,0.6
hyper_notd,1d_move_dp,1,0.2
hyper_notd,1d_move_dp,2,0.6
hyper_notd,1d_move_dp,3,0.6
hyper_notd,1d_pcopy_1c,1,1.0
hyper_notd,1d_pcopy_1c,2,1.0
hyper_notd,1d_pcopy_1c,3,1.0
hyper_notd,1d_pcopy_mc,1,1.0
hyper_notd,1d_pcopy_mc,2,1.0
hyper_notd,1d_pcopy_mc,3,1.0
hyper_notd,1d_scale_dp,1,0.8
hyper_notd,1d_scale_dp,2,1.0
hyper_notd,1d_scale_dp,3,0.8
