condition,dim,params,seed,test_exact_match
individual,4,1398,1,0.9000000027673585
individual,4,1398,2,0.9428571441343853
individual,4,1398,3,0.9714285731315613
individual,4,1398,4,0.9428571441343853
individual,4,1398,5,0.9714285731315613
individual,6,2444,1,0.9857142865657806
individual,6,2444,2,0.9857142865657806
individual,6,2444,3,1.0
individual,6,2444,4,0.9857142865657806
individual,6,2444,5,0.9857142865657806
individual,10,5400,1,0.9857142865657806
individual,10,5400,2,0.9857142865657806
individual,10,5400,3,0.9857142865657806
notd,4,1398,1,0.1428571492433548
notd,4,1398,2,0.08571428805589676
notd,4,1398,3,0.12857143580913544
notd,4,1398,4,0.18571428954601288
notd,4,1398,5,0.05714285746216774
notd,6,2444,1,0.3857142925262451
notd,6,2444,2,0.44285714626312256
notd,6,2444,3,0.34285715222358704
notd,6,2444,4,0.4714285731315613
notd,6,2444,5,0.4000000059604645
notd,10,5400,1,0.5571428537368774
notd,10,5400,2,0.6285714507102966
notd,10,5400,3,0.5714285969734192
notd,10,5400,4,0.6000000238418579
notd,10,5400,5,0.6142857074737549
td,4,1398,1,0.12857143580913544
td,4,1398,2,0.15714286267757416
td,4,1398,3,0.48571428656578064
td,4,1398,4,0.17142857611179352
td,4,1398,5,0.04285714402794838
td,6,2444,1,0.7571428418159485
td,6,2444,2,0.7714285850524902
td,6,2444,3,0.7428571581840515
td,6,2444,4,0.7285714149475098
td,6,2444,5,0.699999988079071
td,10,5400,1,0.9142857193946838
td,10,5400,2,0.8857142925262451
td,10,5400,3,0.9285714030265808
td,10,5400,4,0.9428571462631226
td,10,5400,5,0.9857142567634583
